frame_id,left_detected,right_detected,left_conf,right_conf,lat_offset_m
0,0,0,0.13743217175564829,0.13933678664179558,-0.12750303537703192
1,0,0,0.25424951774794935,0.2577722423910828,-0.1275117669682461
2,0,0,0.35403263001915697,0.3584250638582721,-0.12604453829793894
3,0,0,0.4388596314096813,0.4439827424899921,-0.12475727973240557
4,0,0,0.5108142671777798,0.5167476198731656,-0.12425756291544272
5,0,0,0.57182288896603,0.5786876544162274,-0.12405534926654527
6,1,1,0.6238093247728675,0.631338141526137,-0.12385097568937004
7,1,1,0.6681626134951735,0.676044203157383,-0.12433961744497918
8,1,1,0.7059403548195995,0.7140481131828078,-0.12474955627721085
9,1,1,0.7369786081814593,0.746241892954871,-0.12848860339476925
10,1,1,0.7634653627328029,0.7736489133650597,-0.13185828744252082
11,1,1,0.7859459065031803,0.7969956438313157,-0.13501219160060945
12,1,1,0.8046645536512743,0.8166727877076367,-0.1380878275784919
13,1,1,0.8206461515074375,0.8334904036184027,-0.14091604762277454
14,1,1,0.970148652794529,0.986831353370099,-0.14364337288988993
15,1,1,0.9610095404790125,0.9780980235831365,-0.14610760071118914
16,1,1,0.9528199781228629,0.9707964952445622,-0.1483123017127057
17,1,1,1.0,1.0,-0.15030263491526197
18,1,1,0.9860589328478915,0.9882973844798763,-0.14081477306953744
19,1,1,1.0,1.0,-0.13232932627655425
20,1,1,1.0,1.0,-0.1247197685031277
21,1,1,0.9866316180144848,0.9889734094731418,-0.11789540973614858
22,1,1,0.9753931487599198,0.9797402823667963,-0.11176682200150763
23,1,1,0.9659416504272799,0.9719981783776023,-0.10625085526033537
24,1,1,0.9579765589592313,0.9654768845345852,-0.10128264906348872
25,1,1,0.9512721686517852,0.9599976983197039,-0.09682551003644035
26,1,1,0.9456275870335183,0.9553822097787555,-0.09286547930683875
27,1,1,0.9413104595233115,0.9513627266726645,-0.09012145095537685
28,1,1,0.9379135542523723,0.9473306512600514,-0.08813540223331956
29,1,1,0.9350679141827859,0.944165361375611,-0.08631884785054683
30,1,1,0.9328818256576554,0.9412188779414156,-0.08504437919906131
31,1,1,0.9310286095247349,0.9389519931929122,-0.08390758528738747
32,1,1,0.929750796095609,0.9372593825429202,-0.0817757387416153
33,1,1,0.9287051994872464,0.9359959225682029,-0.07986731861584621
34,1,1,0.9274770407132475,0.9349401249406701,-0.07927996517049847
35,1,1,0.9264181586245641,0.9342447049272748,-0.0793912461312472
36,1,1,0.9256123322579064,0.9336434491789098,-0.07950388033200259
37,1,1,0.9229924666965916,0.9331005757978251,-0.08384561280265407
38,1,1,0.9209940570040298,0.9326415108841275,-0.08777190308220598
39,1,1,0.9194853488026409,0.932247793809166,-0.09132722881832685
40,1,1,0.918358727476849,0.9319226277521677,-0.09449047266824696
41,1,1,0.9163858103650808,0.9316370112444629,-0.09822318185708002
42,1,1,1.0,1.0,-0.1015594722453454
43,1,1,1.0,1.0,-0.10501169114979593
44,1,1,0.985230711364721,0.9895916620372827,-0.1076174683459171
45,1,1,0.972812929469059,0.9807743851713936,-0.10996704195890741
46,1,1,0.9625658072179666,0.9732685545727314,-0.11109444474305935
47,1,1,0.9539517089502498,0.9668940827820834,-0.11210838519798134
48,1,1,0.9466077087012772,0.9614854925004832,-0.11099151393495703
49,1,1,0.9404316685698857,0.9568999186585952,-0.11013791113995959
50,1,1,0.935388334051247,0.9527022107176762,-0.10567814851790797
51,1,1,0.9311936802886281,0.9492747645234934,-0.10165694737535348
52,1,1,0.9276855386115187,0.9464515687165982,-0.09801525233564452
53,1,1,0.9244410631542646,0.9436711622305977,-0.09402278991784084
54,1,1,0.9217434513329946,0.941465590103419,-0.09040192938901137
55,1,1,0.920072284732062,0.9394735931235714,-0.08401928376193316
56,1,1,0.9187519234306727,0.9378989679378813,-0.0782871426262526
57,1,1,0.9176277639297623,0.9366207540562452,-0.0731684095689645
58,1,1,0.9167428297084479,0.9357026318271808,-0.0655284962903538
59,1,1,0.9162032475773403,0.9349601334502801,-0.05864416183421627
60,1,1,0.9158274307950179,0.9344017824790721,-0.05212093169357681
61,1,1,0.9156954708293553,0.933968659645642,-0.046225791218863534
62,1,1,0.9152535202024519,0.9336524512475535,-0.0405045568559743
63,1,1,0.9151099829279458,0.9333885988655733,-0.03534593465875326
64,1,1,0.9149894355328939,0.9332106417210014,-0.031377994371041114
65,1,1,0.9150859110497,0.9330967862475281,-0.027819575660372697
66,1,1,0.914833173529406,0.9329710601658655,-0.02502355270771702
67,1,1,0.9147970522803948,0.9327442199347289,-0.02380649988140285
68,1,1,0.9149454289737105,0.9325606190140641,-0.022711823564582175
69,1,1,0.9147052994690715,0.9323740430016663,-0.02320745060738479
70,1,1,0.9146234439835917,0.9322417431833312,-0.023685479015251355
71,1,1,0.914240560125376,0.9320261530973375,-0.025370412975078017
72,1,1,0.9140095452719923,0.9318506416826039,-0.026926800397424445
73,1,1,0.9132380685526869,0.9315341102216166,-0.029396403022669788
74,1,1,0.9122496032433385,0.9310815191494008,-0.031342044191639225
75,1,1,1.0,1.0,-0.03317294608857982
76,1,1,0.985950763426159,0.9894353138937325,-0.034091574052652666
77,1,1,0.97407435329639,0.9805021066671649,-0.034958687226142336
78,1,1,0.9638378028880048,0.9728554492210088,-0.034375358983668815
79,1,1,0.9551856289631827,0.9664003639973451,-0.03387229130954314
80,1,1,0.9476525844677448,0.9609963017744145,-0.032369527946437555
81,1,1,0.9413180305307749,0.9564041907584074,-0.031059960566615807
82,1,1,0.9360077773270918,0.9525015969625666,-0.029987378297087856
83,1,1,1.0,1.0,-0.0229012902164098
84,1,1,1.0,1.0,-0.016572255490974734
85,1,1,0.98538347987782,0.9892310184577248,-0.008184453413602544
86,1,1,0.9732248409137649,0.980052729738388,-0.001025408500434148
87,1,1,1.0,1.0,0.007292103730542219
88,1,1,1.0,1.0,0.014674500961215118
89,1,1,0.986708966454235,0.989450924732427,0.019976249918093943
90,1,1,0.9761638273900322,0.9804478586941874,0.023030750100017917
91,1,1,0.9672791903230206,0.9728016201761917,0.02590587275679287
92,1,1,0.9601166085419883,0.9663370959353134,0.027809605591373174
93,1,1,0.9541076523655233,0.9608837608043936,0.029512232861084967
94,1,1,0.9490224284676799,0.9562581175962118,0.02989957644710066
95,1,1,0.9448224723038119,0.9523746481991354,0.030010775633396002
96,1,1,0.9413022614561812,0.949158201397126,0.030093783139426247
97,1,1,0.9384133813383377,0.9463939439798723,0.028914210739603093
98,1,1,0.9359977802472742,0.9440553718089112,0.027876382499157207
99,1,1,0.9332367194571818,0.9419096085820207,0.024246908513859702
100,1,1,1.0,1.0,0.02095354405331194
101,1,1,1.0,1.0,0.016548169764951683
102,1,1,1.0,1.0,0.012620413852841206
103,1,1,1.0,1.0,0.007695866514205535
104,1,1,1.0,1.0,0.0027503526690149725
105,1,1,0.9862451068827962,0.9897995328395237,-0.001717407384858405
106,1,1,0.9747003023878098,0.9808477195189558,-0.004169467117212722
107,1,1,0.9649690018289133,0.9733529346839922,-0.006207812385210375
108,1,1,0.9567569899033965,0.9670659998280169,-0.007995623723340329
109,1,1,1.0,1.0,-0.009606801455583272
110,1,1,1.0,1.0,-0.010572070032187372
111,1,1,1.0,1.0,-0.011445134555107721
112,1,1,1.0,1.0,-0.01235851640119972
113,1,1,0.9870963558797254,0.9900730556712765,-0.013135831096966243
114,1,1,0.9761581837444971,0.981671091641217,-0.013828497015662442
115,1,1,0.9670538939481482,0.9746597803176411,-0.015007716024613049
116,1,1,0.9593481838976226,0.9687149253712668,-0.016068222847038755
117,1,1,1.0,1.0,-0.01395997768549953
118,1,1,1.0,1.0,-0.013519263389402975
119,1,1,0.988132367688325,0.9902759126034806,-0.012468466359745571
120,1,1,0.977951660823899,0.9818120024280695,-0.012355495442541985
121,1,1,0.9693522378093621,0.9746622205716069,-0.012167325154256853
122,1,1,0.9622247676885523,0.9685210715122909,-0.010339073687301498
123,1,1,0.9561665175186327,0.963352663957429,-0.008694896358056245
124,1,1,0.9511581155571829,0.9589255445257763,-0.0066755269970658684
125,1,1,0.946942527617806,0.9552272534031586,-0.004902320243515803
126,1,1,0.9434974234706774,0.9518185039661373,-0.003634112495696788
127,1,1,0.9407265708531827,0.948841741500533,-0.00319923766028673
128,1,1,0.938375970533444,0.9464568223797044,-0.0028920762479763807
129,1,1,0.936098827495252,0.9444111149089722,-0.003993869756238764
130,1,1,0.9341836315410179,0.9427588126743818,-0.004952787620671184
131,1,1,0.9316425979535969,0.9414619609274304,-0.007357646275531862
132,1,1,1.0,1.0,-0.009431755251555542
133,1,1,1.0,1.0,-0.012417607967894236
134,1,1,1.0,1.0,-0.015092525017275805
135,1,1,0.9861835159944565,0.9899061389826069,-0.017858793112760545
136,1,1,0.9741864664410146,0.9807742675355281,-0.02034691992643675
137,1,1,1.0,1.0,-0.022626354734300635
138,1,1,1.0,1.0,-0.024305189223498343
139,1,1,1.0,1.0,-0.0258538966910107
140,1,1,1.0,1.0,-0.02646371342514789
141,1,1,1.0,1.0,-0.02703562372769781
142,1,1,0.986247341978896,0.9899948873955036,-0.02685570766813769
143,1,1,1.0,1.0,-0.02524371029338524
144,1,1,1.0,1.0,-0.023771681853945525
145,1,1,1.0,1.0,-0.022271718733418336
146,1,1,1.0,1.0,-0.020908820684253263
147,1,1,1.0,1.0,-0.01955682802953719
148,1,1,1.0,1.0,-0.018294795056979358
149,1,1,1.0,1.0,-0.016013539406649364
150,1,1,0.9876669323686855,0.9900466898576475,-0.00978721511390991
151,1,1,1.0,1.0,-0.004179452626117081
152,1,1,0.9878603681775775,0.9901333356863112,0.0012355202019779113
153,1,1,0.977612769601015,0.9817503597612272,0.005711559771237869
154,1,1,0.9689182447626219,0.9745748964245837,0.009362066661519893
155,1,1,0.961566708148348,0.9684811667465886,0.012577371937301346
156,1,1,0.955540835414753,0.963315961538036,0.01615887361090954
157,1,1,0.9504903195048052,0.9589416427978407,0.019369108624566752
158,1,1,0.9463975643329329,0.9551637364445393,0.021519677967408554
159,1,1,0.9428550338044677,0.9518531869101489,0.02276325661092238
160,1,1,0.9398752035417788,0.9490459977083932,0.023898181585993095
161,1,1,0.9372395037062642,0.9467483337126538,0.02410388683997479
162,1,1,0.9350594004365227,0.9447974553553985,0.024295522275070425
163,1,1,0.9326276108394851,0.9430860623682797,0.02256074843258185
164,1,1,0.9306233591328037,0.9416414674847561,0.021058877785702423
165,1,1,0.9279582695527284,0.9401285949769052,0.01735021051211817
166,1,1,0.9251652494949181,0.938907499302197,0.01322008340830695
167,1,1,0.9228968445408983,0.9379473474493334,0.00949800153135038
168,1,1,0.9202429700290011,0.9371240266163098,0.005175978260491577
169,1,1,1.0,1.0,0.0012598535572572128
170,1,1,0.9854935310115097,0.9893767156799871,-0.002710024433903545
171,1,1,0.9732672761206567,0.9804074284337662,-0.0063026952492537406
172,1,1,0.9628363685985749,0.9728630889120022,-0.00948928509067257
173,1,1,0.953970554561597,0.9666034034231299,-0.010391559861949007
174,1,1,0.9463926022361019,0.9612622152135973,-0.011249701431754747
175,1,1,0.9404816340965227,0.9568968507900463,-0.00996470792502971
176,1,1,0.9354767769577268,0.9531867307020759,-0.00881206320485886
177,1,1,0.9312439073815144,0.9501409733614115,-0.007208536513996741
178,1,1,0.9276779855646865,0.9475686592772044,-0.0057931198784649885
179,1,1,1.0,1.0,-0.004071257658195996
180,1,1,1.0,1.0,-0.002486962292208462
181,1,1,0.9863834770239669,0.9899227642152205,0.00644467906999203
182,1,1,0.9751879458850152,0.9812816343255385,0.010409501574630269
183,1,1,1.0,1.0,0.013841776631919376
184,1,1,1.0,1.0,0.020033862715360222
185,1,1,1.0,1.0,0.025618847149214845
186,1,1,0.9871257428305162,0.9898739857987249,0.02980059563502769
187,1,1,0.9763503181877854,0.9812015866539039,0.033644991937542564
188,1,1,0.9677418944392436,0.9737909111581392,0.03663653450625387
189,1,1,0.9608316250645783,0.9675789526562428,0.03772220271972018
190,1,1,0.9550341202112322,0.9622984196939839,0.038654118582507675
191,1,1,0.9499364367714216,0.9578446460546453,0.03884690273700753
192,1,1,0.9456578293871869,0.9540895553562235,0.039008322842723465
193,1,1,0.9414494232406094,0.9507492669186286,0.037170895572343314
194,1,1,1.0,1.0,0.03552499858686181
195,1,1,1.0,1.0,0.03229928998541055
196,1,1,1.0,1.0,0.028329947581866407
197,1,1,1.0,1.0,0.024696018707603018
198,1,1,1.0,1.0,0.021653798303758732
199,1,1,0.9859568061056231,0.9893821295649132,0.018889415704893515
200,1,1,0.973807369897246,0.9802250285219977,0.01641866909124008
201,1,1,0.9635615383737247,0.9725780008785657,0.014201462444693228
202,1,1,1.0,1.0,0.01309761170121864
203,1,1,1.0,1.0,0.012071377236253875
204,1,1,1.0,1.0,0.011302915564975318
205,1,1,1.0,1.0,0.011036102996753646
206,1,1,0.9862485725178606,0.989879505893028,0.010863238383886215
207,1,1,0.9747346967495827,0.9812996742379305,0.011415794174595853
208,1,1,0.9649315896371224,0.9740119964054553,0.01191353246444713
209,1,1,0.9569024778378932,0.967829230198783,0.012041785007990352
210,1,1,1.0,1.0,0.012147301527121426
211,1,1,1.0,1.0,0.017187820780615475
212,1,1,0.9877279887584798,0.990067305312818,0.020358843168963428
213,1,1,0.9772738884410797,0.9815846936799216,0.022661568652017412
214,1,1,0.9687384543650814,0.9743496436792675,0.02364495740322728
215,1,1,0.9614463234703654,0.9682338509715498,0.024561698879997745
216,1,1,0.9555283876551536,0.9630662240001122,0.024806224736568936
217,1,1,0.9504991036780389,0.9586582320015328,0.02508920769838488
218,1,1,0.9465237144974458,0.9549444440821697,0.026299562971342793
219,1,1,0.9431358748935007,0.9517903237249191,0.027377819021187338
220,1,1,0.9404180807734415,0.9490759016553358,0.02825847717334356
221,1,1,0.937823138213759,0.9469049193833847,0.0283289749923266
222,1,1,0.9356291642474099,0.9450603116552986,0.028365746248115387
223,1,1,0.9330118177986875,0.9433164978665114,0.026089996033413613
224,1,1,0.9308221796581851,0.9418382077318119,0.023975056328418107
225,1,1,0.9285941056362639,0.940629525198083,0.02074643129333362
226,1,1,0.9267453450052978,0.9395800355598349,0.017870403893480283
227,1,1,0.9248118391322282,0.9384531276880811,0.014118057789798627
228,1,1,0.9224282399387027,0.9374308184565323,0.009566257745740976
229,1,1,0.9204984948620001,0.936616429002646,0.005463339120378666
230,1,1,1.0,1.0,0.0011178567962407098
231,1,1,0.9857146682253598,0.9898501535324901,-0.0028719550824710016
232,1,1,0.9732649412585161,0.9812589991115139,-0.006476937218192215
233,1,1,1.0,1.0,-0.00969011441859321
234,1,1,1.0,1.0,-0.012236473544634967
235,1,1,1.0,1.0,-0.01427355443018947
236,1,1,0.9854518612232293,0.9902401749963294,-0.016130625811712162
237,1,1,0.971161103409676,0.9817646354912082,-0.018120882685423487
238,1,1,0.9590713980113086,0.9745701301955725,-0.019843799474352986
239,1,1,0.9472656733158021,0.968486000087847,-0.02190196695842377
240,1,1,0.9372753436761222,0.9633321262628021,-0.023851598442640967
241,1,1,0.9273075169026991,0.9588765854744288,-0.025763014239320377
242,1,1,0.9189376981653984,0.9551223597697509,-0.02743943466796754
243,1,1,0.9122809325402589,0.9518254261869311,-0.028484370568900273
244,1,1,0.9040876918963622,0.9488990399706208,-0.028997233450773322
245,1,1,0.8971863596210631,0.9464238001235878,-0.029414081631456996
246,1,1,0.8904838096181711,0.9441212100133183,-0.029012740868359876
247,1,1,0.8848310706132749,0.94222380808934,-0.028649824184851673
248,1,1,0.8779892072265622,0.940477090467148,-0.028390279006210977
249,1,1,0.8722293991533223,0.9390718336142495,-0.028192527085607245
250,1,1,0.8666821840257345,0.9380323647720517,-0.025026410417411365
251,1,1,0.8611199556266316,0.9368942143852844,-0.020166134424994778
252,1,1,0.8564653343386784,0.9359413724697843,-0.01578751860013105
253,1,1,0.8522314560801475,0.9350328721695004,-0.012081711382239095
254,1,1,0.8486663629228896,0.9343805234081292,-0.008758552766865497
255,1,1,0.8437909323882766,0.9338748839683391,-0.006023765544980419
256,1,1,0.9629576860364795,1.0,-0.0035720830232031527
257,1,1,0.939937796244596,0.9898390482280643,-0.00036695343046480057
258,1,1,0.91897040625014,0.9812008355565075,0.0029573818822191188
259,1,1,0.9011751146655814,0.9738891332353515,0.00595944448485359
260,1,1,0.8849660601976663,0.9675834349926092,0.008600573642242888
261,1,1,0.8712086129620424,0.9622504845338367,0.010941325799868864
262,1,1,0.8584865606853742,0.9576889638894778,0.013012180040431004
263,1,1,0.8477451333338404,0.9538315099636496,0.014825080072804439
264,1,1,0.8535041903606355,0.9504649295791086,0.013813963735565376
265,1,1,0.8428206566640012,0.9476432510524733,0.015912965576362455
266,1,1,0.8328129483658988,0.9451962299428136,0.01834222036797755
267,1,1,0.8375320592121344,0.9428956594097626,0.016162192603266047
268,1,1,0.8415259963277382,0.9409874790900441,0.014188259266535377
269,1,1,0.8428395006752211,0.9390493555135999,0.01132749184012286
270,1,1,0.8453114500152028,0.9374806789336396,0.008705016559514398
271,1,1,0.8491843256794183,0.9356900739995446,0.004682306204978395
272,1,1,0.85345810985375,0.9343115640652322,0.001078438437313741
273,1,1,0.8510064427872341,0.9331754307634492,-0.002633836629344303
274,1,1,0.8553029238864138,0.9321389333441463,-0.006983068339369868
275,1,1,0.8595389722397149,0.93136521510449,-0.010937297962214553
276,1,1,0.8630532260652208,0.9306885954166635,-0.015719003742194912
277,1,1,0.8662255053072718,0.9302029002568428,-0.020035232580268035
278,1,1,0.8682700533651148,0.9297891075096141,-0.023803631271253914
279,1,1,0.8701152933147087,0.9294536571701664,-0.02720051935484563
280,1,1,0.869739162679799,0.9293639362617848,-0.03014892079096239
281,1,1,0.8806745252433396,0.9294015327728806,-0.02854478466286903
282,1,1,0.8900165662218205,0.9294346326806027,-0.027093783068009296
283,1,1,0.8961078550199503,0.9294379314018971,-0.02502985626648583
284,1,1,0.9012943896003691,0.9294411476466059,-0.023175253797039982
285,1,1,0.8956502131530262,0.9295193095476308,-0.014735305770044203
286,1,1,0.8908465666713798,0.9295874727668855,-0.007193256388696466
287,1,1,0.8761155229681403,0.9296942564884003,0.012025760544120868
288,1,1,0.8636020340910964,0.9297993015605388,0.028989321458494196
289,1,1,0.8525447770766714,0.9299061399594026,0.044464447160639714
290,1,1,0.8585697787707534,0.9300748134548388,0.030698598094201578
291,1,1,0.8638366345106171,0.9302215876513482,0.017867531835902624
292,1,1,0.8679409600489445,0.930358486563523,0.00855852771053121
293,1,1,0.871504780415949,0.9304835508160417,0.00015420190539326196
294,1,1,0.8745945225995401,0.9305966846671295,-0.007416753101602538
295,1,1,0.8772827684347142,0.9306991736341009,-0.014296003457518499
296,1,1,0.8740976350055674,0.9308118654396428,-0.01348007062629929
297,1,1,0.8757651341054156,0.9309187280388119,-0.020819451621856968
298,1,1,0.8772362817656885,0.9310040725378552,-0.027512712811597943
299,1,1,0.8839060714985143,0.9309794199708918,-0.02449210119667454
300,1,1,0.8896938541484167,0.9309371550639594,-0.02126403399575347
301,1,1,0.8915782268130518,0.9310149167262158,-0.019455355580692328
302,1,1,0.8935251824030457,0.9310705978937369,-0.017989657573093735
303,1,1,0.8952274681168048,0.9309808679269604,-0.020099056781962197
304,1,1,0.8968520228753541,0.9310459790398135,-0.020551447435466424
305,1,1,0.898365543294916,0.9311182233997684,-0.020979644514513476
306,1,1,0.9006077438938807,0.9307720949730656,-0.024145694829860065
307,1,1,0.9026354411402467,0.9305432509095957,-0.026967867263057523
308,1,1,0.9044116815995761,0.9304081783850724,-0.029470056162537662
309,1,1,0.9059126347669588,0.9303055124056414,-0.03169454071117884
310,1,1,0.9033532778763342,0.9304094795428719,-0.033153548369511815
311,1,1,0.9012537723889283,0.9305239765667358,-0.03448275564785414
312,1,1,0.9077569374217991,0.9307548719362155,-0.03720086792360425
313,1,1,0.9026373096135796,0.9309532807095624,-0.0395132506904726
314,1,1,0.8983357372530192,0.9311295868217223,-0.041628478341230596
315,1,1,0.8926979958110086,0.931289647451275,-0.04333887478337549
316,1,1,0.8879974689494121,0.9314301941992431,-0.0448760879910569
317,1,1,0.8931240906011648,0.9315021714384356,-0.04869499653579341
318,1,1,0.8976428182363008,0.9315657652738193,-0.0518739055410573
319,1,1,0.8966962039613229,0.9317153787520496,-0.05737913601558354
320,1,1,0.8899150901293046,0.9318515908103244,-0.061150036452852885
321,1,1,0.8842315556402962,0.9319712838321977,-0.06455108796093484
322,1,1,0.8888164389526084,0.9319799885051081,-0.07346251359396223
323,1,1,0.8930970152272588,0.9319857103864543,-0.08165887367894019
324,1,1,0.8980181657207882,0.9318855047926132,-0.08858319560334241
325,1,1,0.8862937339957854,0.9318023302173064,-0.07971304038358279
326,1,1,0.8879368264668709,0.9317808799934619,-0.0782139012105239
327,1,1,0.8725204875482229,0.9318658528327621,-0.07142685087898709
328,1,1,0.8594364956151684,0.931948242728144,-0.06534277863075537
329,1,1,0.8635978067000731,0.9319183342158397,-0.06963157034255132
330,1,1,0.8671969040937701,0.931911907300883,-0.07350754366192708
331,1,1,0.8659325014146525,0.9320873498676762,-0.0715631037714982
332,1,1,0.8662254104943232,0.9323099835366429,-0.07005288248717005
333,1,1,0.8700206443823615,0.932345422830973,-0.06701193787255774
334,1,1,0.8742678142108904,0.9323851532211404,-0.06432578176937363
335,1,1,0.8790485504882379,0.9324359410939171,-0.06331952575920974
336,1,1,0.882723654307773,0.9326002665776475,-0.06268864602306531
337,1,1,0.886089271067007,0.9327590840128871,-0.06200774360958166
338,1,1,0.8889114549878991,0.9327771874482971,-0.0617064464161261
339,1,1,0.891366488443369,0.9327564226939089,-0.06143379072419248
340,1,1,0.8934992558611912,0.932773954535295,-0.06114138535575399
341,1,1,0.8953475470427358,0.932788513774211,-0.06087264146980902
342,1,1,0.8963476881485642,0.9328624164068485,-0.059795502697621246
343,1,1,0.8970669318402291,0.9328557805652069,-0.057965816469515714
344,1,1,0.8977097886794723,0.9328637321783173,-0.056318249801199656
345,1,1,0.8989364433226483,0.9327565982327595,-0.05562141967314318
346,1,1,0.8999723139154472,0.9326779550378852,-0.05502913110828065
347,1,1,0.8958932836673548,0.932634397052397,-0.054099283550935864
348,1,1,0.8925040826024832,0.9326261205039357,-0.053280162830891355
349,1,1,0.892012864813908,0.9325124476738309,-0.05232305931500577
350,1,1,0.8789749032909768,0.9325779298715173,-0.028680065434739978
351,1,1,0.8680898009769069,0.932637922789242,-0.00786889003336349
352,1,1,0.8589979638062113,0.9327003186966505,0.010494883703804688
353,1,1,0.8513998790930019,0.9327585443913446,0.026731005516846335
354,1,1,0.8590713987082266,0.9328552780442391,0.01282972033972498
355,1,1,0.8656705621126921,0.932949448933687,0.00026930028602070515
356,1,1,0.8672023889363139,0.9330536041476092,-0.00010103291618619965
357,1,1,0.8685625521016919,0.9331458492949989,-0.000431945769597584
358,1,1,0.8696055262324537,0.9331543097907667,-0.005110894922730356
359,1,1,0.8611357684592118,0.9330654026112293,-0.007583615205435984
360,1,1,0.8553926821050697,0.9329752357427346,-0.010440419286936566
361,1,1,0.8525294019484396,0.9328997956956213,-0.010157733104434801
362,1,1,0.8513493682462465,0.9328397149150296,-0.010076052084100453
363,1,1,0.8559549796223475,0.9328558035463294,-0.01694691269117631
364,1,1,0.8599742027175451,0.9328652279646132,-0.02311923096079358
365,1,1,0.8631779697382325,0.9327266213857818,-0.028823850537121765
366,1,1,0.8708292537423645,0.9327187042228829,-0.02578997214771316
367,1,1,0.8774934738037843,0.9327375207692861,-0.02308832254667448
368,1,1,0.8841560884528805,0.9328260961133943,-0.020525748305372068
369,1,1,0.8898345228274297,0.9329142916623103,-0.018165129631826975
370,1,1,0.886867905315141,0.9329705029665729,-0.022290882188413165
371,1,1,0.8844033491303535,0.9330343117306111,-0.026017995349554294
372,1,1,0.8880573130668905,0.9329252736652432,-0.025461421387955072
373,1,1,0.8916735696203976,0.9329326148381174,-0.024683911282283613
374,1,1,0.8947299421792283,0.9329352236148925,-0.024108271850615433
375,1,1,0.9003877577262251,0.9327332608874317,-0.02456496801590554
376,1,1,0.9054454884416292,0.9325945158652198,-0.024974842045849144
377,1,1,0.9012552623298014,0.9326739297918858,-0.024404256672575373
378,1,1,0.897955849254291,0.9327484815866409,-0.02378435470998338
379,1,1,0.895322829951275,0.9328173688974979,-0.023226034355627704
380,1,1,0.8932286268173801,0.9328733102865623,-0.022712484632230735
381,1,1,0.8908843721274271,0.9326217741263096,-0.02053189326838515
382,1,1,0.8859905208274411,0.9326707143381472,-0.018295241375170714
383,1,1,0.8820313555201588,0.9327350536694083,-0.016284571129662036
384,1,1,0.8770689955238782,0.9324594837968714,-0.011322379182921125
385,1,1,0.8730472740070148,0.9322835799793634,-0.006940707685289324
386,1,1,0.8600316382415811,0.9320328588288532,0.00018758313237013274
387,1,1,0.8492212424749089,0.9319468031900578,0.0077132669019472026
388,1,1,0.8431060022672441,0.9315741477176194,0.010322344510066937
389,1,1,0.8334187481515306,0.9314267302773576,0.019712804591750784
390,1,1,0.825539816407344,0.9313447023881405,0.026466889606873774
391,1,1,0.8188038160659908,0.9314920618476249,0.035994268228581934
392,1,1,0.8132624238392039,0.9316402335595305,0.044006535512081106
393,1,1,0.8082309329733508,0.9317164226824544,0.04486588670264637
394,1,1,0.8041694522624693,0.9318136345863923,0.04492280829378199
395,1,1,0.8049376945408425,0.9312799520139836,0.04363663618664978
396,1,1,0.8057536090280267,0.9309971119814587,0.04245907348230583
397,1,1,0.8064356709432089,0.9308877545625353,0.04077754434176014
398,1,1,0.8200050615645966,0.9310048593393736,0.03389737546913009
399,1,1,0.8316753542140163,0.9311996366155717,0.02774940392538578
400,1,1,0.8270428973690741,0.9314065937881257,0.028350084232477642
401,1,1,0.8247364848654717,0.9316304036533174,0.028822332929133127
402,1,1,0.8180626006883285,0.9317262821667586,0.02568339167230846
403,1,1,0.8124626697800349,0.931851861877417,0.022820852539708808
404,1,1,0.8217213433891236,0.9318780244958544,0.02370644002211997
405,1,1,0.8341899244755517,0.9317516634236127,0.02461838269416597
406,1,1,0.845146774627668,0.931692508963169,0.025490470220200918
407,1,1,0.8547655535318128,0.9317277490911162,0.0263003407059764
408,1,1,0.8631938287969105,0.9318253304430788,0.027036216178397583
409,1,1,0.8745332133781921,0.9320513238051861,0.02635132734468765
410,1,1,0.8841863245744275,0.9322788796057386,0.025703626034144705
411,1,1,0.8864277108829473,0.9325734354298842,0.02720329933587213
412,1,1,0.8877778522554272,0.9327621222214678,0.02895296119922062
413,1,1,0.8889924437242156,0.9329737256996045,0.03052132384284676
414,1,1,0.8868125532806064,0.9330394142648566,0.035215075461131215
415,1,1,0.8851079026375547,0.9331507595887408,0.03942466906439822
416,1,1,0.8822724236112534,0.9330490898279412,0.043554678648387454
417,1,1,0.8800413456060371,0.9330422518342216,0.04727681678126702
418,1,1,0.8673472082286378,0.9329421942449376,0.04776846163850514
419,1,1,0.8567191630031582,0.9329473682134765,0.048578063586338635
420,1,1,0.8605589194608626,0.9323630201606995,0.037556367763351535
421,1,1,0.864070349966166,0.9320585086874779,0.027790516312621513
422,1,1,0.8664057686026101,0.9319521777699761,0.0164401853404162
423,1,1,0.8705639523975712,0.9319566916196329,0.007751906148890625
424,1,1,1.0,1.0,-0.00018168531035434276
425,1,1,1.0,1.0,-0.001006152299278939
426,1,1,1.0,1.0,-0.00206995256125873
427,1,1,1.0,1.0,-0.00023910502299849908
428,1,1,1.0,1.0,0.01143894842778319
429,1,1,1.0,1.0,0.02159676172683013
430,1,1,0.988531284369085,0.9900238194515563,0.02790692400859587
431,1,1,0.9789425731483304,0.9815767086008662,0.033527953129623686
432,1,1,0.9687996393569145,0.9743209064497125,0.03862237791095506
433,1,1,0.9603090745841708,0.9682106075727043,0.04330276091500406
434,1,1,0.9542318742666852,0.9628322748487849,0.047400892811171734
435,1,1,0.9292963124130461,0.9582786231070077,0.05239882409656598
436,1,1,0.908282267573078,0.9544663502856765,0.05663978405478157
437,1,1,0.9026050281082525,0.9511679090100307,0.05635863536133103
438,1,1,0.897960783522483,0.9484059745096988,0.056099604143654835
439,1,1,0.8952454497991936,0.9459940310054897,0.060569063336506704
440,1,1,0.8937859222119114,0.9440005705379793,0.06459581511414887
441,1,1,0.8923933282213034,0.9423695111283111,0.06735937388380552
442,1,1,0.8915749867130318,0.9409954071065181,0.06983295890425216
443,1,1,0.8911828046803134,0.9398457572588602,0.0720786504298736
444,1,1,0.8902140078455949,0.9389017049050522,0.074414402242847
445,1,1,0.889531541414284,0.9380948967483553,0.07657885558060071
446,1,1,0.8875085594477969,0.9374330340316905,0.08052391610403893
447,1,1,0.8858831046040887,0.9368761553293474,0.08406187898157931
448,1,1,0.8836053448578597,0.9363011203159675,0.08936189165477365
449,1,1,0.8816937729123531,0.9358528886949663,0.09417759307898464
450,1,1,0.8797412846592977,0.9354179179049162,0.09878898424432529
451,1,1,0.8763524189380166,0.9349958753771996,0.10483031703799461
452,1,1,0.8735278940637586,0.9346360969772647,0.1102379103771968
453,1,1,0.8713706253815302,0.9343858027526523,0.11353067795119036
454,1,1,0.8695945134837744,0.9341894049094062,0.11654044221745223
455,1,1,0.8661404689334085,0.9340768514147666,0.12183197035303268
456,1,1,0.8548065597729011,0.933989601112091,0.13065684886887208
457,1,1,0.862518893619606,0.9339757502660411,0.11669663163347856
458,1,1,0.8593805511945087,0.9339311511582802,0.10720696408437241
459,1,1,0.8567683266110444,0.9338936555612071,0.09871614200104821
460,1,1,0.865984937765618,0.9338781563821219,0.08988014871780171
461,1,1,0.8740980672644036,0.933855088546349,0.08185195965847941
462,1,1,0.871154992079884,0.9337632552677582,0.0889240244998755
463,1,1,0.8697986334590112,0.9336942189772164,0.09529984545820237
464,1,1,0.860238056569066,0.9335553930518165,0.09718648547695967
465,1,1,0.8639397006012626,0.9334648202973993,0.09164398174902513
466,1,1,0.8685769352871533,0.9332492759292483,0.0872526965379189
467,1,1,0.8734674584364608,0.9327957439372047,0.09218759770511531
468,1,1,0.8757809926298357,0.9324988415447423,0.09635642806074399
469,1,1,0.879298962023131,0.9319223778111352,0.09964310011751322
470,1,1,0.8827663090912702,0.9315770644664078,0.10262743454700661
471,1,1,0.8816927701311469,0.9311470248779152,0.09878770684489536
472,1,1,0.880840723120362,0.9309124663892614,0.09538520511043315
473,1,1,0.886621311003209,0.9308611181495534,0.09649484558006097
474,1,1,0.8914963624447233,0.9306010200070421,0.09606101290981803
475,1,1,0.8956973297506067,0.9304778082326715,0.0956682457898374
476,1,1,0.899546971603335,0.9304465477166298,0.09523807640649157
477,1,1,0.902949113329643,0.9305158335633853,0.09511141162612267
478,1,1,0.9049942395818267,0.9305660725835415,0.09476500688569943
479,1,1,0.9067750436749424,0.9306428433954501,0.09446016944642213
480,1,1,0.9063419197789312,0.9308025943148319,0.09565553422327203
481,1,1,0.9056975734547663,0.9308592807261697,0.09679946721296392
482,1,1,0.9052045477929556,0.9309429166831723,0.09786470164438285
483,1,1,0.9017919874559295,0.9309517149568012,0.09983653943525314
484,1,1,0.8989544830221525,0.9307461755934805,0.1013104075931614
485,1,1,0.8979924242042208,0.9306018387643298,0.1056252623699428
486,1,1,0.8973099573927983,0.9304585974522008,0.10828991905127867
487,1,1,0.8876756641922257,0.9301966585900566,0.10140523490775147
488,1,1,0.8780134543991995,0.9300448739485202,0.10550931408342261
489,1,1,0.8724413162931521,0.9296354663619347,0.11443817747851538
490,1,1,0.8631389814608043,0.9293416927717066,0.12019969817147418
491,1,1,0.8553954738389155,0.9291805021275117,0.12536961466280314
492,1,1,0.8558826776972293,0.9292334540655528,0.11025699616397855
493,1,1,0.8570015590880897,0.929284407820208,0.09642969853698022
494,1,1,0.8559841782051026,0.9293117643865061,0.08561810897002177
495,1,1,0.8560462064801002,0.9293407575922037,0.07578564169954294
496,1,1,0.8561112266268913,0.929215447156895,0.07273078403881318
497,1,1,0.8586661825879732,0.9291155449932054,0.07691650086193597
498,1,1,0.8619049218428709,0.9290123678098043,0.08070468151292279
499,1,1,0.8522345682406708,0.9289095931178806,0.088478456775387
500,1,1,0.8435523699990075,0.9289716794526921,0.09657494630120993
501,1,1,0.8484689985797357,0.9290705480933998,0.09212602464947679
502,1,1,0.8527289403111232,0.929160561848977,0.08809476535421702
503,1,1,0.8503778329335498,0.9291861607712315,0.09279227654076067
504,1,1,0.8516913791891669,0.9292381216281604,0.09470264298019067
505,1,1,0.8541004487127719,0.9292824797166109,0.09641451636246827
506,1,1,0.857339377166281,0.929317593558356,0.0979386756791861
507,1,1,0.8611817878452708,0.9293493595686505,0.09931434816625162
508,1,1,0.8650643149936875,0.9293881203679379,0.10117150198333827
509,1,1,0.8692013363221678,0.9294401458368677,0.10281253169627032
510,1,1,0.8750477651921956,0.9294855440462688,0.102617603682418
511,1,1,0.8803826370880274,0.9295240443792387,0.10242302044931156
512,1,1,0.8851591743125481,0.9294094493270504,0.10221938211729506
513,1,1,0.8870957677634574,0.9292979333729089,0.10292240552985296
514,1,1,0.8887870233509968,0.9292062934934914,0.103566456519311
515,1,1,0.8877685897192663,0.9291601922425134,0.10904505818890364
516,1,1,0.886880137518433,0.9290980878847913,0.11391518590124172
517,1,1,0.8858115183947212,0.9289881369494588,0.11451801644509434
518,1,1,0.8849448567935948,0.928918444696279,0.11516741904581945
519,1,1,0.880327397949108,0.9289934515902919,0.11872847091427403
520,1,1,0.8765050721935634,0.9290545578799405,0.12187982741422095
521,1,1,0.8733319918870066,0.9291093681312771,0.124698468433144
522,1,1,0.8706979022514343,0.9291537680902147,0.12723332010376562
523,1,1,0.86851657663983,0.9291756971887912,0.1296224015962654
524,1,1,0.8642963293447914,0.9291193356056896,0.13993598499347382
525,1,1,0.8607624681487286,0.9290647150876428,0.1491017131115501
526,1,1,0.872778548791505,0.9290198034245357,0.13718677384503666
527,1,1,0.8637842638305571,0.928906104753585,0.14600676542116184
528,1,1,0.8561880502930528,0.9288274684635569,0.1538084568064507
529,1,1,0.8640033170707139,0.9287971811990741,0.14155867396197766
530,1,1,0.8725642681688308,0.9287549396087996,0.1309938743470069
531,1,1,0.856834729648065,0.928735868066058,0.12821215826913102
532,1,1,0.8450946179902527,0.9287626978542985,0.1257828065888845
533,1,1,0.8374467119219926,0.9288115266271746,0.125835833329262
534,1,1,0.8325448113323122,0.9288616527055994,0.12587460909462736
535,1,1,0.8266343081564212,0.9289656657291846,0.12821125265163136
536,1,1,0.8212150578523876,0.9289956478874446,0.12507905201908787
537,1,1,0.8181976155105213,0.9290264155392147,0.12221252793152507
538,1,1,0.8194409944682505,0.9291688859262418,0.12264552847718602
539,1,1,0.8219699288698192,0.9292843281092268,0.12306053494538695
540,1,1,0.828334809712855,0.9293773316916635,0.12121387535660573
541,1,1,0.8348694947864639,0.9294527924790545,0.119548376936218
542,1,1,0.8448486207089637,0.9295176527643884,0.11740919618865253
543,1,1,0.8533522466629758,0.9296504226576728,0.11563600561669755
544,1,1,0.8611149644561393,0.9297600051507817,0.11402022713331542
545,1,1,0.871869157293005,0.9297949788723827,0.11218344696035383
546,1,1,0.8812764455024964,0.9298277360641326,0.11047065299359085
547,1,1,0.8892844377760891,0.9298686192529679,0.10889891358031989
548,1,1,0.8963153473482861,0.9299040255434802,0.10739178916149311
549,1,1,0.9003758281206544,0.9300913607549475,0.10654241309738273
550,1,1,0.903845904925651,0.9302511353706127,0.10577927344508646
551,1,1,0.9059793774540623,0.9303920409148163,0.10499810899970255
552,1,1,0.9077912190333205,0.9305095271078752,0.10429754497001054
553,1,1,0.9093295451941008,0.9306071815207468,0.10366663687521725
554,1,1,0.9106351899082079,0.9306881134029741,0.10309849491682632
555,1,1,0.9116964566652614,0.9307546565894282,0.10265151353453396
556,1,1,0.9126922319547345,0.9307928972847452,0.10284900374674398
557,1,1,0.9136532663975884,0.9308246839315502,0.10389853734750691
558,1,1,0.9156849900214399,0.9307530297830583,0.10643169932602416
559,1,1,0.9095514918159258,0.9308438958166683,0.11696032670819247
560,1,1,0.9043455195077325,0.930926987502213,0.12630595454863747
561,1,1,0.9004257995988103,0.9309761555450635,0.11630022620605172
562,1,1,0.8954213307962587,0.9310323630190118,0.10574029811886823
563,1,1,0.8895701458275027,0.9311296199051502,0.09741381021439455
564,1,1,0.8854699300791313,0.9312049540675005,0.08958446858338494
565,1,1,0.883370457512292,0.9314444768727953,0.0831138125416179
566,1,1,0.876452414575759,0.9315842135667437,0.09097890428714486
567,1,1,0.8712572885558385,0.9316822606921065,0.0983960357665165
568,1,1,0.8711046368200686,0.9315073893534699,0.1038573642302679
569,1,1,0.8714211150024633,0.931356613285168,0.10920517407129593
570,1,1,0.872389125942639,0.9315730156849791,0.10924792508937002
571,1,1,0.8735408172326169,0.9317675207123135,0.10930881121427723
572,1,1,0.8745280213979005,0.9319725180027704,0.10858098513032713
573,1,1,0.8724928974916674,0.9321353658883882,0.10774187046510728
574,1,1,0.8711400808953791,0.9322931106472815,0.10694930731912365
575,1,1,0.870991926708655,0.9325192342662528,0.10150420720811529
576,1,1,0.8711615198524325,0.9327077026964417,0.09640452575598044
577,1,1,0.8718587323021503,0.9328874018922757,0.0922690295655404
578,1,1,0.8728524800804202,0.9330450588659738,0.08849733615076909
579,1,1,0.8738521721174073,0.9331342638599045,0.08543738588375534
580,1,1,0.8751156923425016,0.9332112939110866,0.0826763152841705
581,1,1,1.0,1.0,0.07945925084705902
582,1,1,0.9840384315979115,0.9900290122066355,0.07699098595430419
583,1,1,1.0,1.0,0.0747603834584537
584,1,1,1.0,1.0,0.07312895739672844
585,1,1,0.9843782600734134,0.9900631885633793,0.07165167690296523
586,1,1,0.9716439011051636,0.9817190785421344,0.07110617409608397
587,1,1,0.9610569144382454,0.9746311685179402,0.07061984113685384
588,1,1,0.951737473050232,0.9686076845869867,0.07046837151443004
589,1,1,0.9445540973524528,0.9634529815217588,0.07170910778429068
590,1,1,0.9386748045907759,0.959079566517222,0.07325980015729003
591,1,1,1.0,1.0,0.08318120768926449
592,1,1,1.0,1.0,0.0920196586549664
593,1,1,0.9858572073706057,0.9902177386238952,0.09996691109275693
594,1,1,0.9739779134493621,0.9819144897184502,0.10736801049975749
595,1,1,0.9642403935241629,0.9747779668452385,0.1146929390288025
596,1,1,0.9567076277709015,0.9686946008677236,0.1192858277973398
597,1,1,0.9504390011869435,0.9635405356765624,0.1233867048852127
598,1,1,0.9448983073919014,0.9591726337154924,0.12836139110764597
599,1,1,0.940265954922875,0.9554557768021498,0.13275678698913812
600,1,1,0.9301279696224711,0.9522355553064169,0.1368844158133749
601,1,1,0.9215877519263782,0.9494970569121294,0.14061386474152762
602,1,1,0.9163119211432607,0.9472517535382468,0.14283423623022842
603,1,1,0.9122830756467967,0.9453363879910799,0.14501463806777537
604,1,1,0.9104374980115292,0.9436703502076093,0.14576145506395113
605,1,1,0.9053534723764407,0.9422601130612207,0.1443206514617232
606,1,1,0.9011051758653132,0.9410135187063973,0.14329899040569855
607,1,1,0.897907178228878,0.9399073002523612,0.14034415673444423
608,1,1,0.89528315568861,0.9389796165572503,0.13761242851535777
609,1,1,0.8932649803670658,0.9378146230650455,0.1333584498707
610,1,1,0.8916328992454403,0.9369319318081626,0.12929822436663266
611,1,1,0.8910346006147998,0.9364794536665929,0.12290494403201535
612,1,1,0.8911891191012665,0.9360986884246618,0.11528580588618034
613,1,1,0.8913960742283145,0.9357706284590062,0.10838451340195678
614,1,1,0.8923895553525185,0.9355099976625394,0.10130028339384853
615,1,1,0.8933351157407474,0.9352959365033979,0.09480075213846224
616,1,1,0.8948233472543955,0.9350597720656011,0.08776874056224117
617,1,1,0.8961706272592614,0.9345875954346065,0.08146069157390222
618,1,1,0.8976030221900236,0.9344560095330386,0.07572570541969995
619,1,1,0.898916762846728,0.9343642276821169,0.0705427402431554
620,1,1,0.8999636531230025,0.9341094926437505,0.06552421739262856
621,1,1,0.9013654762808063,0.9335521063270229,0.06071917391135337
622,1,1,0.9026130980630868,0.933107506493508,0.05637752458734009
623,1,1,0.904378128279093,0.9330690593153369,0.05184874202086281
624,1,1,0.9059215487519804,0.933067145684204,0.04776817173060359
625,1,1,0.9074271015923918,0.93226339624974,0.04414176578242343
626,1,1,0.9087023119845399,0.9316312443944216,0.04083896217844352
627,1,1,1.0,1.0,0.03706964912205623
628,1,1,1.0,1.0,0.03161922965603625
629,1,1,1.0,1.0,0.026626710963432297
630,1,1,1.0,1.0,0.022204945183371395
631,1,1,0.9879045624648115,0.989072612135533,0.01824837530410946
632,1,1,0.9776894693069502,0.9798752772162143,0.014652650722268134
633,1,1,0.9690439123567712,0.9720973987518158,0.011423031502788181
634,1,1,0.9617120849853927,0.965553310578537,0.00849564738497439
635,1,1,0.9551910089269303,0.9602928542898617,0.006561998804339405
636,1,1,0.9496566758761973,0.9558436148994732,0.0048254013874250035
637,1,1,0.9453814688436839,0.9520084543611858,0.003927482964210053
638,1,1,0.9417464525147486,0.9487509104061099,0.003103135391335221
639,1,1,0.9388351464891393,0.9462521077237337,0.003378765436798231
640,1,1,0.9363064405440105,0.9441397799533994,0.0036589036202598446
641,1,1,0.9334437950544163,0.9422583823999681,0.005437011333314218
642,1,1,1.0,1.0,0.007033474152118785
643,1,1,1.0,1.0,0.00923311614774074
644,1,1,1.0,1.0,0.011181370289642042
645,1,1,0.986062956144155,0.9895762222565553,0.012928225362900964
646,1,1,1.0,1.0,0.014854159480048985
647,1,1,1.0,1.0,0.016577114976460982
648,1,1,0.9851990774943684,0.9894428215893263,0.018617433541146554
649,1,1,0.9727350611179855,0.9805083422946455,0.020613603516015114
650,1,1,0.9620177872649578,0.9728511847596504,0.021670968218880204
651,1,1,0.9529031704090765,0.9662892949385908,0.0214894683461106
652,1,1,0.9451787683785995,0.9607218560425586,0.02114616003178526
653,1,1,0.9389935415882932,0.9560419077510588,0.01974957522982555
654,1,1,0.9337404999216279,0.9520627286952921,0.018507234014545928
655,1,1,0.9295735007197367,0.9487157304604101,0.016696537751836285
656,1,1,0.925992183377915,0.9458472292928849,0.01479945775625184
657,1,1,0.9230906223905089,0.9431214620410383,0.011972084330521156
658,1,1,0.920637288924075,0.9408534697783949,0.00950834193860472
659,1,1,0.9185422420139844,0.9389309320900885,0.007215712404081549
660,1,1,0.9167391989415947,0.9372780077891291,0.004704663745043011
661,1,1,0.915244196383563,0.9359516738022344,0.002635087079856061
662,1,1,0.9143239327446835,0.9349472064133377,0.0004248660459936437
663,1,1,0.9135741974350977,0.9341199791351137,-0.001530644728477675
664,1,1,0.9130302189425207,0.9334896068827825,-0.004331293463898821
665,1,1,0.9126315503771331,0.9329792746488189,-0.006933277486971496
666,1,1,0.9128769992472331,0.9323991158748962,-0.00980063391370271
667,1,1,0.913610923418818,0.9317667628193949,-0.013807477952407166
668,1,1,0.9143097865979711,0.931272233170314,-0.017582544998531405
669,1,1,0.9149930966477136,0.9308813531310274,-0.020979457270912622
670,1,1,0.9156171541712645,0.9305732331231085,-0.024026613572114167
671,1,1,0.9159939846551257,0.9303379569575521,-0.025126363345488272
672,1,1,0.916396151604369,0.9301247544409081,-0.026095449180085006
673,1,1,0.9164557010167482,0.9298758659748418,-0.025653263848590686
674,1,1,0.9163148953775261,0.9298068343978398,-0.022890273714570683
675,1,1,0.9161224775582566,0.9297568753743826,-0.020389893310065847
676,1,1,0.916243742235977,0.9297213085582379,-0.018230722333671928
677,1,1,0.9164142174589208,0.9297237564060039,-0.016257988824827846
678,1,1,0.9160007488289238,0.9297331058954342,-0.012986835868742124
679,1,1,0.9157016190187364,0.9297412171618696,-0.010005591350086109
680,1,1,0.9153058426905085,0.9297813899022409,-0.00663620180403235
681,1,1,0.9141840466327102,0.9297532751949107,-0.0031052436915068754
682,1,1,1.0,1.0,2.983212521194218e-05
683,1,1,1.0,1.0,0.003075907979052366
684,1,1,0.9862484928013143,0.9894102501898995,0.005921478419435582
685,1,1,0.9743262879058497,0.9803556006328984,0.009146400266361708
686,1,1,0.9642394408744278,0.9726686452164935,0.012058889184357978
687,1,1,0.9552290036036927,0.9662344728571726,0.01473606727751532
688,1,1,0.9477244299313347,0.9607564971504697,0.01702069585992843
689,1,1,0.9413948258772676,0.956061496535158,0.01828176245105747
690,1,1,0.9360233023607414,0.9519798842165342,0.01901433726917625
691,1,1,0.9314763525404474,0.9485113329812985,0.01967369662362938
692,1,1,0.9279659718307534,0.9453133912942557,0.018630583208237253
693,1,1,0.9249951854203186,0.9426806362250967,0.01770054571581203
694,1,1,0.922510617361472,0.9405049012404941,0.016856601847396492
695,1,1,0.9204033520710266,0.9386440438006795,0.01601282750980339
696,1,1,0.9186996816478121,0.9364689201298201,0.015299915531360144
697,1,1,0.9169513386621622,0.934113122535668,0.014456303550756264
698,1,1,0.9156302093560157,0.9324418005410312,0.013743116913355797
699,1,1,1.0,1.0,0.013488103238107618
700,1,1,1.0,1.0,0.013285478895052515
701,1,1,1.0,1.0,0.012599848659859513
702,1,1,0.9868939067852815,0.9886616247041371,0.012000069431397227
703,1,1,0.976052445250598,0.9792202880321267,0.010980365281231906
704,1,1,0.9676911927235352,0.9717358490682374,0.009996901607092903
705,1,1,0.9606133441682921,0.9653796072123352,0.009100304470811033
706,1,1,0.9545936458627792,0.9599826029616024,0.008274822746063415
707,1,1,0.9494632554186017,0.9553970365851475,0.007541117329436151
708,1,1,0.9451089997749905,0.9514997854899279,0.006877325350165414
709,1,1,0.941392562061328,0.9481897620459849,0.006300302053219258
710,1,1,0.9382515850832611,0.9453788694491927,0.00580530336239651
711,1,1,0.9355812666021457,0.9429779112722152,0.005358976701232262
712,1,1,0.9330528379663988,0.9408522898501509,0.005798710652289342
713,1,1,0.9304077000823499,0.9392180585556814,0.008004542774226724
714,1,1,0.9281437884467938,0.9378494253883785,0.010071016401534847
715,1,1,0.9256329371309988,0.9365321541429853,0.013033581145200281
716,1,1,1.0,1.0,0.015653851299363766
717,1,1,0.986036674494101,0.9892535700551215,0.019168676715279824
718,1,1,1.0,1.0,0.02226377860775608
719,1,1,1.0,1.0,0.02615917853306225
720,1,1,0.9859535544850567,0.9892974438031843,0.029117747001268762
721,1,1,0.9740697588341461,0.9802282307613271,0.03177617408542192
722,1,1,0.9640014553635693,0.9725176043627877,0.034132059248334505
723,1,1,0.9554381864122055,0.965995848017595,0.03624041818303587
724,1,1,0.9478643528418592,0.9604387346742682,0.03835562369265301
725,1,1,0.9416438328879636,0.9557505844647085,0.04022174829856271
726,1,1,0.9363038924872331,0.9519757308658189,0.041565656262343535
727,1,1,0.9316248377940125,0.9487022973273849,0.04230594888774087
728,1,1,0.9277538229260145,0.9459582495858417,0.04298283625357743
729,1,1,0.9245522474049276,0.9435983277928135,0.0435986620387624
730,1,1,0.9218843745903837,0.9415941518396524,0.04419169885043919
731,1,1,0.9198278041693879,0.9398506604563622,0.0446292175404168
732,1,1,0.9181023940958942,0.9383691021656015,0.04503734016079336
733,1,1,0.9168524422057367,0.937190310820272,0.046607100658765124
734,1,1,1.0,1.0,0.0479994396672296
735,1,1,1.0,1.0,0.04928204220161349
736,1,1,0.9869472860876755,0.9894608864841987,0.050346483770686304
737,1,1,0.9758569515881371,0.9805147047255935,0.05130758478275817
738,1,1,1.0,1.0,0.05205793183783128
739,1,1,0.9870780711346221,0.9894014131756881,0.05273413104340234
740,1,1,0.9766339291761272,0.9804054091973237,0.052959878645961474
741,1,1,0.967801703466981,0.9728232763075837,0.05318237448001436
742,1,1,0.960367617714512,0.9660079320723164,0.05304214055812733
743,1,1,0.954582021782528,0.9603879485429532,0.053046418255671954
744,1,1,0.9496423112889948,0.9556786465612349,0.05311740767694888
745,1,1,0.9454365026102098,0.9517242863647289,0.053232449666707454
746,1,1,0.9419041345206971,0.9484022900682667,0.05348126672825221
747,1,1,0.938901053879271,0.9456048547049791,0.05374318230196663
748,1,1,0.9363618271066156,0.9432472281495989,0.05394860333386774
749,1,1,0.9341830798773494,0.9412286651044339,0.05450790268313005
750,1,1,0.9320034085221827,0.939538134224069,0.056258338652764035
751,1,1,0.9301696358831417,0.9381004770261372,0.057827125211024254
752,1,1,0.9279068362905794,0.9368045249514134,0.06103984699319648
753,1,1,0.9260439676817187,0.9357028932493435,0.06390959438457067
754,1,1,0.9241990088501487,0.9348233191295642,0.06817578610664567
755,1,1,0.9227307331506268,0.9340794882866901,0.07198885520975008
756,1,1,0.9210021325032558,0.9333491018717047,0.07509319106367493
757,1,1,0.9196274192417039,0.9327329058957998,0.07807976527173358
758,1,1,0.9179601046106645,0.9323256056077003,0.0812324817283692
759,1,1,0.9163645995345084,0.9318273321155706,0.08396779865320951
760,1,1,0.9150551270040004,0.931415412719011,0.08643311149551976
761,1,1,0.9136177064400516,0.93104340087543,0.08868484469976039
762,1,1,0.9124295985354978,0.9307599108659177,0.09075059275184563
763,1,1,0.911730693422117,0.9306469014001333,0.09291525095250144
764,1,1,0.9111520495988211,0.9305772487941164,0.0949442006337068
765,1,1,0.9107379129932774,0.9304805994657616,0.09640101524530384
766,1,1,0.9107681571209609,0.9304815950506444,0.09703543711549328
767,1,1,0.9108121653705528,0.9304847644082275,0.09760765566229712
768,1,1,0.9110332320154702,0.9303896425246052,0.09838922729758096
769,1,1,0.9112204782952305,0.9303248051922566,0.09908049089341692
770,1,1,0.9113141266900521,0.9303203472039347,0.0996983624405195
771,1,1,0.9113963470285398,0.9303271525752386,0.10025273967668974
772,1,1,0.9114853272474411,0.9303004450298885,0.10096873367482924
773,1,1,0.9115368709184626,0.9301890552213988,0.10137335626397477
774,1,1,0.9115781320198104,0.930097961873341,0.10171899571898589
775,1,1,0.9120235051421853,0.9300977950395115,0.10138249910441496
776,1,1,0.9124117508624924,0.9300974798903826,0.10109071659770898
777,1,1,0.9128706983524633,0.9300567456266946,0.10057173774508836
778,1,1,1.0,1.0,0.10009138985909652
779,1,1,1.0,1.0,0.09864456519595195
780,1,1,0.9875969901989365,0.9894353157207761,0.09745802183501574
781,1,1,0.9773861538673303,0.9805390185642016,0.09528809029489473
782,1,1,0.9688215458882758,0.9730811958581398,0.09346225937074938
783,1,1,0.9615527096917726,0.9667425104253666,0.09183516695104205
784,1,1,0.9557240804655497,0.9612922953837956,0.09121708703486436
785,1,1,0.9507787996607264,0.956612715524423,0.09074958017121718
786,1,1,0.9463251109265286,0.9525588198734087,0.09099398362970694
787,1,1,0.9425072244453783,0.9491346346004166,0.09122153836783697
788,1,1,0.9391138721649728,0.946107421856215,0.09247942235074745
789,1,1,0.9360092514111201,0.9436951793951819,0.09447379780809675
790,1,1,0.9333600615156631,0.9415892797408024,0.0962061310913436
791,1,1,0.9301484984051698,0.9399751251137982,0.09987160018080415
792,1,1,1.0,1.0,0.10319409710745694
793,1,1,0.986827144794911,0.9896250274645945,0.10619060418544995
794,1,1,1.0,1.0,0.10894075985387484
795,1,1,1.0,1.0,0.11176275867664424
796,1,1,0.9859267107207009,0.9896083131791524,0.11462623378414284
797,1,1,0.9739690545364915,0.9807292332933536,0.1172630838187915
798,1,1,0.9635098984652242,0.973119095610842,0.12002216011071268
799,1,1,0.9547088813546009,0.9666599069531979,0.12249966437291193
800,1,1,0.947101656690927,0.961151174264022,0.12452045782132572
801,1,1,0.9406822502412904,0.9564839092091612,0.1263993074732563
802,1,1,0.9354471426941814,0.9524123858604963,0.12679915943921038
803,1,1,0.9311094674401186,0.9490140196314808,0.1272147836737147
804,1,1,0.9275849294385325,0.9460301144185408,0.12776652774095335
805,1,1,0.9245914543452263,0.9435876381166811,0.12770145078167006
806,1,1,0.921973789963608,0.9415358977058046,0.12762482830856045
807,1,1,0.9195016724475801,0.9396645736681053,0.12669416421212096
808,1,1,0.9174189362696551,0.9380883904908861,0.1258371112338106
809,1,1,0.9158532472016288,0.9367736407824048,0.1254394178728851
810,1,1,0.9145269371692211,0.9356525388662598,0.12503201990858204
811,1,1,0.9135758647283438,0.9348181508984194,0.12450535046258901
812,1,1,0.913413969236822,0.9344228888329434,0.12348410918037027
813,1,1,1.0,1.0,0.12258436680101598
814,1,1,0.9869618869690415,0.9898032692131051,0.12178353961309743
815,1,1,0.9759359201641221,0.9811061740928216,0.12103162404522641
816,1,1,0.9667834718560393,0.9737302221251709,0.12026264685585379
817,1,1,0.9590002913003222,0.9674566441833503,0.1195860883687694
818,1,1,0.9525643028530981,0.9620446878390129,0.11870108351906447
819,1,1,0.9471192139290238,0.957380977659166,0.11792819638090318
820,1,1,0.9426864188058264,0.9535121005253928,0.11644581383020085
821,1,1,0.939215911090454,0.9502584245839303,0.11663155411414318
822,1,1,0.9363276516474276,0.9474814825090141,0.11678602433492102
823,1,1,0.9339277284685943,0.9451425608821905,0.11691825698620413
824,1,1,0.9319354663020722,0.9431596798775004,0.11702554072987674
825,1,1,0.9302756144591161,0.9414827703380623,0.11712701955601429
826,1,1,0.9288893162455398,0.9400638289614381,0.1172233758389128
827,1,1,0.9277778542941026,0.9388222715269829,0.11732262469227504
828,1,1,0.9265462838289165,0.9378063947526845,0.11896336218720968
829,1,1,0.9255001008693338,0.9369351431768395,0.12044602754754018
830,1,1,0.9239397050227288,0.9361655461218963,0.12358496548245565
831,1,1,0.9226149600277296,0.9355228292476891,0.12634339023547572
832,1,1,0.9209369836018837,0.9348953903008358,0.12926364401411095
833,1,1,0.9195346498193526,0.934426261195392,0.13196546324296687
834,1,1,0.9180919768781778,0.9340799385824665,0.13481593433166073
835,1,1,0.9169599066128434,0.9337454470455615,0.13699881588664237
836,1,1,0.9160214243148123,0.9334689514034533,0.13903904729173625
837,1,1,0.9152226001753061,0.9333172225152242,0.1406315593791988
838,1,1,0.9145651640918209,0.9332017115316587,0.14204932645484736
839,1,1,0.9139115111823369,0.9331507713163736,0.14295728542296557
840,1,1,0.9133497376741825,0.9331120403770066,0.14379847943521623
841,1,1,0.9130530865352205,0.9329258629411976,0.14409276726333248
842,1,1,0.9128090776026216,0.9327979276421893,0.14432776006851386
843,1,1,0.9124281728866426,0.932880222610146,0.14388309299252816
844,1,1,0.9121350477488158,0.9329000855779861,0.14347474537731417
845,1,1,0.9118824731574563,0.9329196252989918,0.14311333633693687
846,1,1,0.9116597023281425,0.932897066604798,0.14268935159268228
847,1,1,1.0,1.0,0.14231759097215357
848,1,1,1.0,1.0,0.1415956033346593
849,1,1,1.0,1.0,0.14084346422355148
850,1,1,0.9867077482501407,0.9899077374923442,0.13986850040867307
851,1,1,0.9754249017337355,0.9812950087084433,0.1389147832895207
852,1,1,0.9658295628234201,0.973992325929341,0.138141294074233
853,1,1,1.0,1.0,0.13687815507895384
854,1,1,1.0,1.0,0.13574585709431103
855,1,1,1.0,1.0,0.13455963984167293
856,1,1,1.0,1.0,0.1334266557283228
857,1,1,1.0,1.0,0.13201295091818638
858,1,1,1.0,1.0,0.13029083731373428
859,1,1,0.9876743071041248,0.9898888334648691,0.12865499465481856
860,1,1,0.9774175628514891,0.9807684097589411,0.12608063490729557
861,1,1,0.968737072197807,0.9731147565989502,0.12374809671458822
862,1,1,0.9613840873943247,0.9666896453325855,0.1216293896680204
863,1,1,0.9552109899054827,0.9612899754538516,0.1196316495973888
864,1,1,0.9501394792349946,0.9565420221154991,0.11827172368496942
865,1,1,0.9458416550979014,0.9525896849435269,0.11704313515260316
866,1,1,0.9422677082042378,0.9492600895080335,0.11680321844966593
867,1,1,0.9392661585992428,0.9464715761215808,0.1186178058589059
868,1,1,0.93672930520458,0.9441312433103612,0.12024742217006787
869,1,1,0.9345839091361402,0.9421606957131907,0.12169615496705599
870,1,1,0.9327588633934272,0.940478583169941,0.12300356647681256
871,1,1,1.0,1.0,0.12504871365927395
872,1,1,1.0,1.0,0.1268888331738613
873,1,1,1.0,1.0,0.12937625713608883
874,1,1,0.9867585754531638,0.9895764400269484,0.13216482717309902
875,1,1,0.9755157303160661,0.9807328681833086,0.13466897652675214
876,1,1,1.0,1.0,0.13742896156500517
877,1,1,1.0,1.0,0.1399010040564153
878,1,1,0.9863055344070358,0.9894670435813617,0.14216936593835325
879,1,1,0.9747013922059014,0.9805105011480565,0.14421641572481342
880,1,1,0.9644400469452782,0.9729710035310838,0.14567995236596232
881,1,1,0.9557355033888901,0.9664470507378707,0.1455002205924877
882,1,1,0.9483518824387285,0.9609535023120503,0.1453249830029022
883,1,1,0.9420065589758522,0.9563329603966794,0.14510420153083306
884,1,1,0.9366509222594457,0.9524236919198619,0.14490125984940466
885,1,1,0.9322722984286551,0.9490018950226998,0.1440048503739835
886,1,1,0.9285491820777175,0.9460942593386577,0.1432293795467941
887,1,1,0.9255312611295105,0.9438018385599658,0.14215205327054997
888,1,1,0.922968655937316,0.9418692390508678,0.1411871310080786
889,1,1,0.9210420978095932,0.9402639675485703,0.13974019024568424
890,1,1,0.919231927936627,0.9388273950288379,0.13806095627031725
891,1,1,0.9178044431853647,0.9375992738383951,0.1365318975495782
892,1,1,0.9167382155907147,0.9364511791743236,0.13442295662105253
893,1,1,0.9158339907683309,0.9354950375981237,0.13254454071550006
894,1,1,0.9151887340144513,0.9346460024324164,0.12960118212429483
895,1,1,0.9146859509871721,0.9339462308096613,0.12695851977852157
896,1,1,0.9143026154596086,0.9332120639256565,0.12387041013057615
897,1,1,0.9142613670360786,0.9325285056123972,0.11981650057018649
898,1,1,0.9143290544727862,0.9319552302878304,0.11617962765404409
899,1,1,0.9144720567251996,0.9314868863698309,0.11304877645419711
900,1,1,0.9146797804146192,0.9311063642389623,0.11020025834745602
901,1,1,0.9148907474501204,0.9307981270694436,0.10653626576283154
902,1,1,0.9151931085333961,0.9305210864325917,0.10326130017662369
903,1,1,0.9156506423377793,0.9302049506830607,0.10077176431569651
904,1,1,0.9160747421435532,0.9296731336301471,0.09862418786902896
905,1,1,0.9165903699926254,0.9292269503026603,0.0967501686451732
906,1,1,0.917404172469013,0.9287970851797643,0.09638709904353804
907,1,1,0.9180832731501669,0.9284358574826495,0.0962055411948335
908,1,1,0.9183549499259855,0.9281173232639077,0.09630050953528267
909,1,1,0.9186152769497825,0.9278552878129717,0.09631709304652392
910,1,1,0.9179942880186671,0.9274076024040607,0.09820608074408319
911,1,1,0.9175658459363429,0.9270379777227875,0.09992868016803974
912,1,1,0.9173812270390818,0.9267335560252237,0.10127834325216642
913,1,1,0.9157239397710113,0.9259964015458619,0.10292227879165693
914,1,1,1.0,1.0,0.10439976126028412
915,1,1,1.0,1.0,0.10574559400407944
916,1,1,0.9861103224554171,0.9883057997023059,0.10694235918925885
917,1,1,0.9739786129773633,0.9781944997153039,0.10798878923934593
918,1,1,0.9636961312693197,0.969605758551084,0.10888847484894287
919,1,1,0.9548632019946807,0.9617950263826162,0.10643306639133514
920,1,1,0.9474062755900752,0.9551504222836691,0.10425583167997972
921,1,1,0.9411750438472211,0.9494933062269528,0.10236671187665689
922,1,1,0.9359465690055658,0.9446778063235128,0.10066545727686199
923,1,1,0.931559861367951,0.9405759706923642,0.09913236106780107
924,1,1,0.9278798286128493,0.937086564338387,0.09774231088743289
925,1,1,0.9247908186230447,0.934128848819369,0.09649544585722523
926,1,1,0.9223003735026489,0.9316777055665469,0.09521991957545754
927,1,1,0.9200930279136608,0.9295234084497684,0.09414485873459076
928,1,1,0.9182196097140152,0.927714483999862,0.09316113856106376
929,1,1,0.9167307816498211,0.9263680086675277,0.09186934767943603
930,1,1,0.9155214522705286,0.9252313109843112,0.09064179375056776
931,1,1,0.914559006855032,0.9240813530306435,0.0890055032723846
932,1,1,1.0,1.0,0.08754993238615258
933,1,1,0.98652399316237,0.9876844613052325,0.08494657428997796
934,1,1,1.0,1.0,0.0826411660045019
935,1,1,0.9867303324539325,0.9876730882505589,0.07975593116389901
936,1,1,0.9757804400603024,0.9768857649707976,0.07530338840134593
937,1,1,0.9665833171953817,0.9676745760028336,0.07130179430442697
938,1,1,0.9588298073115475,0.9598448727652884,0.06766007884961023
939,1,1,0.9523273944792332,0.9531830788572857,0.06438670143867346
940,1,1,0.9472452682228829,0.9469540723715603,0.06054167664762414
941,1,1,0.9429982524176335,0.9416590871086895,0.05708921983003087
942,1,1,0.9394306574039591,0.9373057124804449,0.05465500061383148
943,1,1,0.9362926822351191,0.9335979527421915,0.052142829686026106
944,1,1,0.933725231297224,0.9304416233964096,0.04987614148363676
945,1,1,0.9313796806276078,0.9277748784177857,0.048844524014647735
946,1,1,0.9294350549480912,0.9254848131601779,0.047984537341537646
947,1,1,0.9269524266562532,0.92343186026633,0.04890231855066139
948,1,1,0.9249163179764102,0.9216848493226,0.04974833874698274
949,1,1,0.9232390237548913,0.920224478116807,0.05044768759925073
950,1,1,1.0,1.0,0.0519484007632997
951,1,1,1.0,1.0,0.05331366458242052
952,1,1,1.0,1.0,0.05505714760482833
953,1,1,0.9863404469190336,0.9871400576114495,0.05657233328926709
954,1,1,0.9742880779445741,0.9763349750592751,0.058343130334000196
955,1,1,0.9640925582882036,0.9671488171804442,0.059921839878495024
956,1,1,0.9551122345644611,0.9592014089192573,0.06090825967437647
957,1,1,0.9474826604530784,0.9524428719805687,0.06171411559907718
958,1,1,0.9407096058882128,0.9468345484818887,0.060713371893039186
959,1,1,0.9349758319029138,0.9420927116300152,0.05983229350929323
960,1,1,0.9301361800496095,0.938055553793703,0.059013398325613385
961,1,1,0.9262187692095157,0.934656127647635,0.056874850347503315
962,1,1,0.9229499687235854,0.9317667578974278,0.054952173826838945
963,1,1,0.9203566756507167,0.9294758087094609,0.052609051725224634
964,1,1,0.9181867537293246,0.9275251226020192,0.05050025028865197
965,1,1,0.9164052507991778,0.9258636313525985,0.04864656484810502
966,1,1,0.9149827886008214,0.9245239313423753,0.04679258936486221
967,1,1,0.9138879980628951,0.9233855093894606,0.04516294894526197
968,1,1,1.0,1.0,0.044030797569945636
969,1,1,1.0,1.0,0.04297783202515077
970,1,1,0.9864921518942577,0.9877911337653673,0.04184244254103812
971,1,1,1.0,1.0,0.04077070630215148
972,1,1,0.9867849187005523,0.9878714289884091,0.03965426338873514
973,1,1,0.9757412950812842,0.9779257377259729,0.037694840598141224
974,1,1,0.9663833791564055,0.9694700355648506,0.03592881637005298
975,1,1,0.9585443923883353,0.9625141367180987,0.03358476130113754
976,1,1,0.9519066903106372,0.9566096788704792,0.03147503048468202
977,1,1,0.9465763709209916,0.9515414300794514,0.028929839496941518
978,1,1,0.9420940681276371,0.9472375385254969,0.026684713828294564
979,1,1,0.938514563548444,0.9436464421746035,0.0237882710980403
980,1,1,0.9355616010210844,0.9405913065812762,0.02122387528539204
981,1,1,0.9330634410008122,0.9383034435853934,0.01982462135894182
982,1,1,0.9310710425656428,0.9364126035080683,0.01932304984670832
983,1,1,0.9293726059794786,0.9348047066986537,0.018859591901607107
984,1,1,0.9274863077645381,0.9336258778763753,0.01868414356003114
985,1,1,0.9259403826845531,0.9326352104430067,0.018477205585348332
986,1,1,0.924290428405554,0.9319850947042146,0.019086815321518423
987,1,1,0.9229075409505594,0.9314471818104493,0.019635275073561286
988,1,1,1.0,1.0,0.020330353162680507
989,1,1,0.98634041510248,0.9892047860770323,0.021612977959740966
990,1,1,0.9747824089429691,0.9800667864619057,0.022699642184211388
991,1,1,1.0,1.0,0.024435850548864733
992,1,1,0.9856709981360607,0.9894712686023748,0.025944988485230514
993,1,1,0.9736524907918244,0.9805426219002509,0.027464701185938325
994,1,1,0.9634926500278629,0.9729362199886046,0.028794480290584016
995,1,1,0.9547438397599618,0.9663731899034054,0.030043370430666676
996,1,1,0.9471793085885665,0.9609077949245705,0.03085557519876502
997,1,1,0.9408081565379228,0.9562753414205705,0.03148685714264249
998,1,1,0.935399175483292,0.9523450529744694,0.031476592630607085
999,1,1,0.9307591215570719,0.9490561084613296,0.031515656777624794
1000,1,1,0.9267980274067051,0.9463732519949857,0.029524893763427984
1001,1,1,0.9234404811027579,0.9440955576427441,0.027734661572229743
1002,1,1,0.9208717461247771,0.9421795290014734,0.025830427095195906
1003,1,1,0.9187154190557395,0.9405514290729414,0.024090867839578856
1004,1,1,0.9171102610798434,0.9391907966414725,0.021698428421521115
1005,1,1,0.9157913763903547,0.9380512293627902,0.01949057805403089
1006,1,1,0.9147021734927897,0.9371058823372231,0.017479221861188585
1007,1,1,0.9138008901845373,0.9363328724373242,0.015648987327459566
1008,1,1,0.9129864055365484,0.9356694725066903,0.013964805220914514
1009,1,1,0.9124087726284609,0.9351889396751247,0.01216288560602286
1010,1,1,1.0,1.0,0.010552616586183505
1011,1,1,0.98677496270551,0.9898383762888487,0.008738844871351441
1012,1,1,1.0,1.0,0.006520019332950437
1013,1,1,0.9868564675089452,0.9899008639926892,0.004486357275602726
1014,1,1,0.9759524886984066,0.9813174509892273,0.002459884825255509
1015,1,1,0.9666850328654858,0.9740242116793835,0.00062847429514776
1016,1,1,0.9588446353798868,0.9678910744132669,-0.0015693849885380264
1017,1,1,0.95220898095896,0.9626785796224999,-0.0035233203158287494
1018,1,1,0.9435438503121677,0.9570196222235681,0.003636001041560113
1019,1,1,0.9364285592987392,0.9524370436063957,0.010179280247236354
1020,1,1,1.0,1.0,0.016161019902986847
1021,1,1,0.9848870640938905,0.9893432927902015,0.021491320081995974
1022,1,1,0.9721464469641811,0.9803874639948809,0.026213891259181988
1023,1,1,0.9614506941130541,0.9728564228484795,0.030494024544640952
1024,1,1,0.9524478355759345,0.9665123168742554,0.03431948827536009
1025,1,1,0.9448625822184618,0.9611635223496784,0.037636764144103226
1026,1,1,0.938482071519507,0.9566555878659997,0.04060299745532043
1027,1,1,0.9331221210512006,0.9528583517509657,0.04329480613759124
1028,1,1,0.9286019689241647,0.9496538378155406,0.04571445041341334
1029,1,1,0.9247900524408985,0.9469449369823679,0.04790966338835862
1030,1,1,0.9215812624723446,0.9446613823940716,0.049887030261008054
1031,1,1,0.918861499971431,0.9427348256131836,0.05165133343967406
1032,1,1,0.9165612493391113,0.9410942890681153,0.0532303541479403
1033,1,1,0.9146065217462316,0.9397206093024146,0.05471652671917991
1034,1,1,0.9129535607093715,0.9385576258009047,0.05604842916010026
1035,1,1,0.9115554882027337,0.9375804937701129,0.057242702980338726
1036,1,1,0.9103662291848652,0.9367548181443206,0.0583322561442541
1037,1,1,0.909359639608524,0.9360590503150488,0.05931820230345148
1038,1,1,0.9085076839311802,0.9354588070019573,0.06015117359854446
1039,1,1,0.907785441371296,0.9349623215489906,0.06095503788426574
1040,1,1,0.9071759976964004,0.934542385332615,0.061666230499313066
1041,1,1,0.9063071978132597,0.9341033217578107,0.06222909808172271
1042,1,1,0.9055627054368725,0.9337150743100393,0.06279692709185795
1043,1,1,0.9045874096450488,0.9333074422995576,0.06351013279899889
1044,1,1,0.903721703114561,0.9331663505092288,0.0639755791076233
1045,1,1,0.9029855500905244,0.933065356814055,0.06442114004069176
1046,1,1,0.9020237738993783,0.9324735242009723,0.06460107485338021
1047,1,1,0.901255233718979,0.9319647077455782,0.06480923049914646
1048,1,1,0.9006613521854131,0.9315607190832773,0.06464916473170525
1049,1,1,0.9001992754615888,0.9312859267245304,0.06452069102542765
1050,1,1,0.8997533727712386,0.9308364550448354,0.06348196008207663
1051,1,1,0.8994191781599419,0.930599839485263,0.06256430447815475
1052,1,1,1.0,1.0,0.061713068970928514
1053,1,1,0.9846790136958097,0.9895860903500919,0.06095517844723551
1054,1,1,1.0,1.0,0.060275263731643325
1055,1,1,0.9846517877243042,0.9896579936164588,0.059266251256673314
1056,1,1,0.9716355780101577,0.980822681525807,0.05840338627012998
1057,1,1,0.9605818808423201,0.9734227612615296,0.05647389730323062
1058,1,1,0.9510326246872937,0.9670972345025309,0.05559061701948631
1059,1,1,0.9429466310137327,0.9617638400855637,0.05478540457309552
1060,1,1,0.9360784672538499,0.9570546439761857,0.05460412853152669
1061,1,1,0.9302581799295352,0.9530904853703677,0.054436516081060926
1062,1,1,0.9251079074515474,0.9498571473544237,0.056137358905037515
1063,1,1,0.9207754020110838,0.9471316740704745,0.05765724970323219
1064,1,1,0.9171202626200781,0.9448395240653775,0.05898903065149709
1065,1,1,0.914047637964656,0.9429064308768391,0.06020081534519672
1066,1,1,0.9114754355882027,0.9412755921096443,0.06127742918230536
1067,1,1,0.9091708666398322,0.9398254242331906,0.06285262805706089
1068,1,1,0.907322597571146,0.9385916456090524,0.06420794340763297
1069,1,1,0.9055791422610131,0.9375798638427187,0.06669722737377262
1070,1,1,0.904113885312785,0.9367282397561236,0.0690059404090081
1071,1,1,0.9029649818770552,0.9360238453836227,0.07169537455118839
1072,1,1,0.902016117865914,0.9355064011511256,0.07419578893052424
1073,1,1,0.9010948100373686,0.934984693864246,0.0772077767904854
1074,1,1,0.9002547048802619,0.9344263960079924,0.08063482486622853
1075,1,1,0.899561258603995,0.9339898506658585,0.08370923577966308
1076,1,1,0.8991104102834526,0.9335986835233294,0.08740107070622136
1077,1,1,0.8987598824236874,0.9333214188288472,0.0906864217426976
1078,1,1,0.8985874129322334,0.9331498454579847,0.09393389249669448
1079,1,1,0.8984529967310518,0.9330420256289274,0.09685306741429735
1080,1,1,0.8979835692652747,0.9328599787185627,0.10020854277554171
1081,1,1,0.8977047329303429,0.9327173501590272,0.10395912692903188
1082,1,1,0.8974664987052053,0.9326366599445027,0.10735575800096982
1083,1,1,0.897077683945431,0.9326110689002672,0.11049005275297737
1084,1,1,0.8968444761946589,0.9326349782385283,0.11311322588625089
1085,1,1,0.8966113594790711,0.9326770749008331,0.11541028102914365
1086,1,1,0.8962813776986216,0.9327131834619835,0.11747569083740322
1087,1,1,0.8961615154299963,0.9328119546364932,0.11973371216054847
1088,1,1,1.0,1.0,0.1217247125118686
1089,1,1,1.0,1.0,0.12339517562770233
1090,1,1,0.9842213874334864,0.9897820038999938,0.1250721932515764
1091,1,1,0.9708693207155467,0.9811337104252088,0.1265727795030692
1092,1,1,0.9595472749620946,0.9737712276114519,0.12818486041063457
1093,1,1,0.9499160167009582,0.9675562399065005,0.12959092699041858
1094,1,1,0.9418882932427609,0.9620741598424534,0.13100942166652083
1095,1,1,1.0,1.0,0.13223959373797678
1096,1,1,1.0,1.0,0.13389218676745634
1097,1,1,1.0,1.0,0.1353540284351103
1098,1,1,1.0,1.0,0.13667160610091475
1099,1,1,1.0,1.0,0.13824448498971637
1100,1,1,1.0,1.0,0.13958042021251763
1101,1,1,1.0,1.0,0.14108527770029752
1102,1,1,1.0,1.0,0.1425475187595209
1103,1,1,1.0,1.0,0.14407335335496751
1104,1,1,1.0,1.0,0.14534845791350332
1105,1,1,1.0,1.0,0.14649873528288004
1106,1,1,1.0,1.0,0.14770691404624153
1107,1,1,1.0,1.0,0.14877170544230978
1108,1,1,1.0,1.0,0.14963774635196875
1109,1,1,1.0,1.0,0.15040660860038083
1110,1,1,1.0,1.0,0.15138357845705716
1111,1,1,1.0,1.0,0.1523120651052668
1112,1,1,1.0,1.0,0.15302051427166904
1113,1,1,1.0,1.0,0.15370806818075824
1114,1,1,1.0,1.0,0.15429445800440467
1115,1,1,1.0,1.0,0.15465429026401936
1116,1,1,1.0,1.0,0.15504672501658537
1117,1,1,1.0,1.0,0.1554949411472955
1118,1,1,1.0,1.0,0.15590516415429279
1119,1,1,1.0,1.0,0.15641313205219662
1120,1,1,1.0,1.0,0.15676346906502214
1121,1,1,1.0,1.0,0.15704787727644087
1122,1,1,1.0,1.0,0.1572868271339807
1123,1,1,1.0,1.0,0.15749485528499663
1124,1,1,1.0,1.0,0.15794020215663013
1125,1,1,1.0,1.0,0.15838792374066488
1126,1,1,1.0,1.0,0.1584070490291658
1127,1,1,1.0,1.0,0.15793000604980553
1128,1,1,1.0,1.0,0.15753085117406074
1129,1,1,1.0,1.0,0.1571339074899786
1130,1,1,1.0,1.0,0.15680503767270898
1131,1,1,1.0,1.0,0.15656173747882648
1132,1,1,1.0,1.0,0.15630748716065482
1133,1,1,1.0,1.0,0.15707948711317918
1134,1,1,1.0,1.0,0.15778317851068027
1135,1,1,1.0,1.0,0.15848060687946414
1136,1,1,1.0,1.0,0.15852178746385823
1137,1,1,1.0,1.0,0.15857104353726184
1138,1,1,1.0,1.0,0.15793413497173042
1139,1,1,1.0,1.0,0.1575549635609587
1140,1,1,1.0,1.0,0.15717344948795137
1141,1,1,1.0,1.0,0.15680503268555682
1142,1,1,0.9837094622322519,0.9898682283449318,0.15721735672159093
1143,1,1,0.9698849226068085,0.9813721341940751,0.15760107328508002
1144,1,1,0.9581568476003169,0.9742488589384556,0.15790169930236464
1145,1,1,0.9481929336729611,0.9682382722705712,0.15817807495704558
1146,1,1,0.9396927377425968,0.9631558058135957,0.1584231103786767
1147,1,1,1.0,1.0,0.15832472271113485
1148,1,1,1.0,1.0,0.1582133954003499
1149,1,1,1.0,1.0,0.15780947161023912
1150,1,1,1.0,1.0,0.1574095898575136
1151,1,1,1.0,1.0,0.15704945070922638
1152,1,1,0.983757613124424,0.9899946860032142,0.15623177404608413
1153,1,1,0.9699690177618179,0.9814899660002703,0.1555150605178477
1154,1,1,0.9582350142325888,0.9742873675306971,0.15469757231425524
1155,1,1,0.948315506519355,0.9681568294282766,0.1539393492337753
1156,1,1,1.0,1.0,0.15314978804690962
1157,1,1,1.0,1.0,0.1523976180579676
1158,1,1,1.0,1.0,0.15150137078332573
1159,1,1,1.0,1.0,0.15075088383306984
1160,1,1,0.9839325895735028,0.9901112102690133,0.15007079091947478
1161,1,1,0.9701302033761972,0.9816567928915445,0.14973642968084583
1162,1,1,0.9583824825261201,0.9744369988163931,0.1494296537729564
1163,1,1,0.9485748865099333,0.968493802078989,0.14927621197462973
1164,1,1,0.9402581803437067,0.9634302504191753,0.14916769836487878
1165,1,1,0.9330624228301945,0.9590811694821448,0.14836079785713985
1166,1,1,0.9269575521325167,0.9553890995396981,0.14763994234166675
1167,1,1,0.9217047041730646,0.9522552079389787,0.146975827747935
1168,1,1,0.9173610231346444,0.9496010570574187,0.14601460667358201
1169,1,1,0.9136782527222138,0.9473579338274105,0.14517453108968859
1170,1,1,0.9103405596248837,0.9454755030005457,0.14445542654518997
1171,1,1,0.9074814796938164,0.9438778977959283,0.14390418178143496
1172,1,1,0.9050524613318257,0.9424984345742304,0.14329530097171087
1173,1,1,0.9024377101884159,0.9411874355489704,0.14070714287071112
1174,1,1,0.9003265122112971,0.9400965907744903,0.1383780363684234
1175,1,1,0.8987104702949644,0.9391842257989693,0.13648898663170037
1176,1,1,0.8974232451470869,0.938418472938795,0.1347407346738844
1177,1,1,0.8964679148785417,0.9377516375457337,0.133081759593716
1178,1,1,0.8956742150332487,0.9371787448200932,0.13157880117465626
1179,1,1,0.8949004973347192,0.9366828617749654,0.13006187585506393
1180,1,1,0.8943117759997669,0.9362567834518644,0.1287676117117518
1181,1,1,0.8938416106754687,0.935928251030479,0.1275393667242702
1182,1,1,0.8933236601156777,0.9357162307389788,0.12676485415822378
1183,1,1,0.8928997100709968,0.9355336974776397,0.12606216572820575
1184,1,1,0.8926443940393349,0.9352582561499231,0.12483444849368155
1185,1,1,0.8924463725607101,0.9350412302492666,0.12372568019526516
1186,1,1,0.8922699543608354,0.9348682729083502,0.12275408199608633
1187,1,1,0.8921613786133635,0.9347272014040771,0.12186852108280029
1188,1,1,0.892037399413139,0.9346116246255471,0.12100986277099803
1189,1,1,0.8919291685320453,0.9345646781670338,0.12028204005064685
1190,1,1,0.8918509115941947,0.9345230654619374,0.11961870404960874
1191,1,1,0.8916575204396637,0.9343296706945936,0.11853738288738595
1192,1,1,0.8915655169100977,0.9341713135014273,0.11758587822451845
1193,1,1,0.8915312583330908,0.9340285336935464,0.11671825357062769
1194,1,1,0.8915252739183899,0.9339047653691378,0.11593719208353011
1195,1,1,0.8913170988982179,0.9337652636398592,0.1146637363529877
1196,1,1,0.8911581438208647,0.9337444551627321,0.11358404192540916
1197,1,1,0.8910624632426692,0.9337241627021338,0.1126292782365093
1198,1,1,0.8907924806973897,0.9336659767617448,0.1118577601042205
1199,1,1,0.8905872213919283,0.9336358324263258,0.11112801333050204
1200,1,1,0.8904178318756875,0.9335363755755173,0.11009119237567971
1201,1,1,0.8903332081485074,0.9334610725534453,0.10915964029533476
1202,1,1,0.8903680970763928,0.9334652217369663,0.10799375588416028
1203,1,1,0.8904186533131087,0.9334659347358323,0.10705788487665054
1204,1,1,0.8905398968983467,0.9334964859671898,0.1058120287799978
1205,1,1,0.8908148837120338,0.9336128578558209,0.10488202219592083
1206,1,1,0.8910955322119309,0.9337057753463595,0.10401002103223268
1207,1,1,0.8913991307453788,0.9338748870336842,0.10276191137140922
1208,1,1,0.8917347441191897,0.9339679098648912,0.10156285527329546
1209,1,1,0.891863693085979,0.9339544575327707,0.10041190492522258
1210,1,1,0.8920495956087564,0.9339480577822746,0.09930148005698522
1211,1,1,0.8922050938740769,0.9339753522028276,0.09798692682997599
1212,1,1,1.0,1.0,0.09652329867729222
1213,1,1,1.0,1.0,0.09519058562266951
1214,1,1,1.0,1.0,0.09393281594717835
1215,1,1,1.0,1.0,0.09277929736065203
1216,1,1,1.0,1.0,0.09149187717043462
1217,1,1,1.0,1.0,0.09034853944316124
1218,1,1,0.9841415843445341,0.99012922077692,0.08898421679922695
1219,1,1,0.9706942768611276,0.9817511398995713,0.08783249378759941
1220,1,1,0.959283688915068,0.9745999851115456,0.08664378196369893
1221,1,1,0.9495924038561985,0.9685665309106912,0.08554384985581415
1222,1,1,0.9414062258822116,0.9634442699294321,0.08454011511158575
1223,1,1,0.9345028068155371,0.9591058662801307,0.08276940615284238
1224,1,1,0.9286531815656858,0.9554276952879559,0.08116529282370354
1225,1,1,0.9237106982494914,0.9521483286505864,0.07905648556261326
1226,1,1,0.9195248894830089,0.9494098998398008,0.07714393359393909
1227,1,1,0.9159408736313226,0.9471183629550641,0.07541468323011584
1228,1,1,0.9128058490824474,0.945052369825936,0.07360001884949843
1229,1,1,0.9101636188317114,0.9433235937179384,0.07198957065649984
1230,1,1,0.9079888572287548,0.9419135346702758,0.0701127083914745
1231,1,1,0.9061236451247745,0.9407277995219644,0.06834702312428641
1232,1,1,0.9046467335022362,0.9397138267231973,0.06625136317996201
1233,1,1,0.9033909988367812,0.9388568444895127,0.06434460040521539
1234,1,1,0.9023214722257762,0.9381603219904598,0.06229197878103599
1235,1,1,0.9013188909195021,0.9375036192812852,0.0598938050562272
1236,1,1,0.9004993780277935,0.9369338250361623,0.05769731773012467
1237,1,1,0.8996980876957784,0.9365496760781189,0.055473626640888264
1238,1,1,0.899009715150604,0.9362274892212508,0.05348597337060609
1239,1,1,0.8983386583371755,0.9360887131787401,0.051547348822985874
1240,1,1,0.8977994491053185,0.9359719605426461,0.049809879522411914
1241,1,1,0.8973494165386172,0.9358075596100037,0.04779631137589271
1242,1,1,0.8969977047850227,0.93565729918808,0.04599178283936553
1243,1,1,0.89681140098711,0.9355166228071506,0.04369464237918958
1244,1,1,0.8966149575027468,0.9354928451503115,0.041726360758377566
1245,1,1,0.896510460854457,0.9354956014110751,0.03988361923332586
1246,1,1,1.0,1.0,0.03818297450585934
1247,1,1,1.0,1.0,0.03665901948351054
1248,1,1,0.9844727152678981,0.9904363840408581,0.034899815434095274
1249,1,1,0.9713109624621984,0.9823319530236234,0.03336389550249864
1250,1,1,1.0,1.0,0.031164962070086823
1251,1,1,1.0,1.0,0.029190080057624513
1252,1,1,1.0,1.0,0.027407078752649094
1253,1,1,1.0,1.0,0.02555934520198797
1254,1,1,0.9844548094374742,0.9904153960998984,0.023922016366304647
1255,1,1,0.9711680442574803,0.9822892260758296,0.02214550998258568
1256,1,1,0.9599279247667052,0.9754035191848877,0.02054446512485697
1257,1,1,0.9504927174171067,0.9693753109580603,0.018774938479475763
1258,1,1,0.9425848725061513,0.9637199871205622,0.01624394546976687
1259,1,1,0.9359104381081726,0.9589888609439494,0.013974490279899146
1260,1,1,0.930380876227332,0.95498245329719,0.011660199147664895
1261,1,1,0.9257042061957999,0.951674776672036,0.009567931472986155
1262,1,1,0.9215213236723041,0.9485085971406424,0.007585452893166149
1263,1,1,0.9179796852710944,0.9459569230939295,0.005782512090577042
1264,1,1,0.915045660632897,0.9433377776391396,0.004114550747734507
1265,1,1,0.9125738742978304,0.9413143438940966,0.0025962734681795933
1266,1,1,0.9103401609139391,0.9393217098948743,0.0013361167584666732
1267,1,1,0.9085174071079831,0.9372539854147373,-7.226052767038768e-05
1268,1,1,0.9069682906750975,0.9358012746762079,-0.0013024275714216707
1269,1,1,0.9056663048480449,0.9346427298308093,-0.002227670293490783
1270,1,1,0.9045201367759168,0.9339056791828063,-0.003052404281540752
1271,1,1,0.9034121843206835,0.9336642741567196,-0.0043006064374061835
1272,1,1,0.9024729093108743,0.9335332091092385,-0.0054242826908219785
1273,1,1,0.901732902161792,0.9336477658446056,-0.006395081374863655
1274,1,1,0.9011776608471938,0.9336475938689454,-0.007238495028589146
1275,1,1,0.9007033534834326,0.9336669004717129,-0.008008326635293175
1276,1,1,0.9002412048522666,0.9336293807063065,-0.009111514763635564
1277,1,1,0.8999164145290525,0.9336437339290778,-0.010098064502953136
1278,1,1,0.8995953429317212,0.9335349653819971,-0.011153336735333677
1279,1,1,0.8993326485453184,0.933513118855963,-0.012107952701327028
1280,1,1,0.899142956806643,0.9333740481006914,-0.01300774840149238
1281,1,1,0.8987755495790857,0.9330495334969926,-0.01400578935321205
1282,1,1,0.8984686072193913,0.9328972747321949,-0.014958180974863093
1283,1,1,1.0,1.0,-0.016009557057995543
1284,1,1,1.0,1.0,-0.016957089874358268
1285,1,1,0.9846474042620772,0.9900376796775495,-0.018245874351566337
1286,1,1,0.9715193411545734,0.9816076985423114,-0.019503350108540055
1287,1,1,0.9604411494666647,0.9744066238999305,-0.02103178968118979
1288,1,1,0.9510275004605055,0.9683458980693513,-0.022413871654928065
1289,1,1,1.0,1.0,-0.023977253653130103
1290,1,1,1.0,1.0,-0.025663735204874825
1291,1,1,1.0,1.0,-0.027117417862982236
1292,1,1,1.0,1.0,-0.028883058647427937
1293,1,1,1.0,1.0,-0.03047377407507526
1294,1,1,0.9844552124533443,0.9901138318570394,-0.031985627484929016
